-- phpMyAdmin SQL Dump
-- version 4.7.3
-- https://www.phpmyadmin.net/
--
-- Хост: 127.0.0.1:3306
-- Время создания: Окт 08 2018 г., 12:44
-- Версия сервера: 5.6.37
-- Версия PHP: 7.1.7

SET SQL_MODE = "NO_AUTO_VALUE_ON_ZERO";
SET AUTOCOMMIT = 0;
START TRANSACTION;
SET time_zone = "+00:00";


/*!40101 SET @OLD_CHARACTER_SET_CLIENT=@@CHARACTER_SET_CLIENT */;
/*!40101 SET @OLD_CHARACTER_SET_RESULTS=@@CHARACTER_SET_RESULTS */;
/*!40101 SET @OLD_COLLATION_CONNECTION=@@COLLATION_CONNECTION */;
/*!40101 SET NAMES utf8mb4 */;

--
-- База данных: `fourth_task`
--

-- --------------------------------------------------------

--
-- Структура таблицы `films`
--

CREATE TABLE `films` (
  `id_films` int(11) NOT NULL,
  `title` char(20) DEFAULT NULL,
  `release_date` int(11) DEFAULT NULL,
  `producer_id` int(11) DEFAULT NULL
) ENGINE=InnoDB DEFAULT CHARSET=utf8;

--
-- Дамп данных таблицы `films`
--

INSERT INTO `films` (`id_films`, `title`, `release_date`, `producer_id`) VALUES
(1, 'Rememory', 2017, 1),
(2, 'Interstellar', 2014, 2),
(3, 'Blade runner 2049', 2017, 3),
(5, 'The intouchables', 2011, 4);

-- --------------------------------------------------------

--
-- Структура таблицы `film_genre`
--

CREATE TABLE `film_genre` (
  `film_id` int(11) NOT NULL DEFAULT '0',
  `genre_id` int(11) NOT NULL DEFAULT '0'
) ENGINE=InnoDB DEFAULT CHARSET=utf8;

--
-- Дамп данных таблицы `film_genre`
--

INSERT INTO `film_genre` (`film_id`, `genre_id`) VALUES
(1, 1),
(2, 1),
(3, 1),
(5, 2);

-- --------------------------------------------------------

--
-- Структура таблицы `genre`
--

CREATE TABLE `genre` (
  `id_genre` int(11) NOT NULL,
  `gtitle` char(20) DEFAULT NULL
) ENGINE=InnoDB DEFAULT CHARSET=utf8;

--
-- Дамп данных таблицы `genre`
--

INSERT INTO `genre` (`id_genre`, `gtitle`) VALUES
(1, 'Science fiction'),
(2, 'Biography'),
(3, 'Comedy');

-- --------------------------------------------------------

--
-- Структура таблицы `producer`
--

CREATE TABLE `producer` (
  `id_producer` int(11) NOT NULL,
  `first_name` char(20) DEFAULT NULL,
  `last_name` char(20) DEFAULT NULL
) ENGINE=InnoDB DEFAULT CHARSET=utf8;

--
-- Дамп данных таблицы `producer`
--

INSERT INTO `producer` (`id_producer`, `first_name`, `last_name`) VALUES
(1, 'Mark', 'Palansky'),
(2, 'Christopher', 'Nolan'),
(3, 'Denis', 'Villeneuve'),
(4, 'Olivier', 'Nakache'),
(5, 'Amanda', 'Sthers');

--
-- Индексы сохранённых таблиц
--

--
-- Индексы таблицы `films`
--
ALTER TABLE `films`
  ADD PRIMARY KEY (`id_films`),
  ADD KEY `producer_id` (`producer_id`);

--
-- Индексы таблицы `film_genre`
--
ALTER TABLE `film_genre`
  ADD PRIMARY KEY (`film_id`,`genre_id`),
  ADD KEY `genre_id` (`genre_id`);

--
-- Индексы таблицы `genre`
--
ALTER TABLE `genre`
  ADD PRIMARY KEY (`id_genre`);

--
-- Индексы таблицы `producer`
--
ALTER TABLE `producer`
  ADD PRIMARY KEY (`id_producer`);

--
-- AUTO_INCREMENT для сохранённых таблиц
--

--
-- AUTO_INCREMENT для таблицы `films`
--
ALTER TABLE `films`
  MODIFY `id_films` int(11) NOT NULL AUTO_INCREMENT, AUTO_INCREMENT=6;
--
-- AUTO_INCREMENT для таблицы `genre`
--
ALTER TABLE `genre`
  MODIFY `id_genre` int(11) NOT NULL AUTO_INCREMENT, AUTO_INCREMENT=4;
--
-- AUTO_INCREMENT для таблицы `producer`
--
ALTER TABLE `producer`
  MODIFY `id_producer` int(11) NOT NULL AUTO_INCREMENT, AUTO_INCREMENT=6;
--
-- Ограничения внешнего ключа сохраненных таблиц
--

--
-- Ограничения внешнего ключа таблицы `films`
--
ALTER TABLE `films`
  ADD CONSTRAINT `films_ibfk_2` FOREIGN KEY (`producer_id`) REFERENCES `producer` (`id_producer`) ON DELETE CASCADE ON UPDATE SET NULL;

--
-- Ограничения внешнего ключа таблицы `film_genre`
--
ALTER TABLE `film_genre`
  ADD CONSTRAINT `film_genre_ibfk_1` FOREIGN KEY (`film_id`) REFERENCES `films` (`id_films`) ON DELETE CASCADE ON UPDATE CASCADE,
  ADD CONSTRAINT `film_genre_ibfk_2` FOREIGN KEY (`genre_id`) REFERENCES `genre` (`id_genre`) ON DELETE CASCADE ON UPDATE CASCADE;
COMMIT;

/*!40101 SET CHARACTER_SET_CLIENT=@OLD_CHARACTER_SET_CLIENT */;
/*!40101 SET CHARACTER_SET_RESULTS=@OLD_CHARACTER_SET_RESULTS */;
/*!40101 SET COLLATION_CONNECTION=@OLD_COLLATION_CONNECTION */;
